ID,Name,Proponent,Project Type,AFOLU Activities,Methodology,Status,Country/Area,Estimated Annual Emission Reductions,Region,Project Registration Date,Crediting Period Start Date,Crediting Period End Date
4863,"Green Hydrogen Project: Sindh, Pakistan",N/A,Energy industries (renewable/non-renewable sources),,Methodology Under Development,Inactive,Pakistan,"500,000",Asia,,,
4482,Lushan MSW Incineration Project,"Lushan Capital Environment Energy Co., Ltd.",Energy industries (renewable/non-renewable sources); Waste handling and disposal,,ACM0022,Rejected by Administrator,China,"60,883",,,2021-10-07,2031-10-06
4447,Aslan Biogas Plant,Aslan Biyokütle Enerji Üretim ve Ticaret A.Ş.,Energy industries (renewable/non-renewable sources); Waste handling and disposal,,ACM0010,Withdrawn,Turkey,"65,339",Europe,,2022-06-24,2029-06-23
4420,Kayseri Biogas Plant,MİR Global Enerji A.Ş.,Energy industries (renewable/non-renewable sources),,ACM0010,Rejected by Administrator,Turkey,"102,204",Europe,,2021-06-30,2028-06-29
4421,Eskişehir Landfill Biogas Plant,Multiple Proponents,Energy industries (renewable/non-renewable sources),,ACM0010,Rejected by Administrator,Turkey,"64,670",Europe,,2021-07-01,2028-06-30
4294,Yongji MSW Incineration Project,"Yongji Huaxinda Clean Energy Co., Ltd",Energy industries (renewable/non-renewable sources); Waste handling and disposal,,ACM0022,Withdrawn,China,"63,176",Asia,,2021-06-30,2031-06-29
4232,Salima 60MW Solar PV Project,Salima JCM Solar Corporation Limited,Energy industries (renewable/non-renewable sources),,ACM0002,Rejected by Administrator,Malawi,"12,352",Africa,,2021-10-28,2031-10-27
4233,Golomoti 20MW Solar PV Project,Golomoti JCM Solar Corporation Limited,Energy industries (renewable/non-renewable sources),,ACM0002,Rejected by Administrator,Malawi,"4,642",Africa,,2022-03-14,2032-03-13
3986,15 MW Nam The Hydropower Project,Kosher Climate India Pvt. Ltd.,Energy industries (renewable/non-renewable sources),,AMS-I.D.,Inactive,Lao,"40,111",Asia,,2021-01-01,2027-12-31
3914,Guizhou Feitian 21 & Miluo & Mayixi CMM Power Generation Project,Multiple Proponents,Energy industries (renewable/non-renewable sources); Mining/mineral production,,ACM0008,Withdrawn,China,"511,185",Asia,,2021-12-30,2031-12-29
3899,Barutçuoğlu Landfill Gas to Electricity Power Plant,Barutçuoğlu İnşaat Sanayi ve Ticaret Limited Şirketi,Energy industries (renewable/non-renewable sources); Waste handling and disposal,,AMS-I.D.; AMS-III.G.,Rejected by Administrator,Turkey,"16,126",Europe,,2021-06-03,2028-06-02
3557,Bundled Solar Power Project by Sun Source Energy Private Limited 01,Sun Source Energy Private Limited.,Energy industries (renewable/non-renewable sources),,AMS-I.F.,Rejected by Administrator,India,"19,763",Asia,,2021-01-04,2028-01-03
3559,Bundled Solar Power Project by Sun Source Energy Private Limited 02,Sun Source Energy Private Limited.,Energy industries (renewable/non-renewable sources),,AMS-I.F.,Rejected by Administrator,India,"13,923",Asia,,2021-10-19,2028-10-18
3573,"Rooftop Solar Project by Earth Carbon Foundation in Gujarat, India",Earth Carbon Foundation.,Energy industries (renewable/non-renewable sources),,ACM0002,Inactive,India,"45,770",Asia,,2020-09-01,2027-08-31
3245,DISTRIBUTION OF HOUSEHOLD BIOGAS IN RURAL AREAS OF INDIA-2,Greneity Infocom Service Pvt Ltd,Energy industries (renewable/non-renewable sources),,AMS-I.E.,Withdrawn,India,"35,347",Asia,2023-06-05,2021-02-01,2031-01-31
3008,Grouped Captive Solar Power project by Enking International,EKI Energy Services Limited,Energy industries (renewable/non-renewable sources),,AMS-I.F.,Rejected by Administrator,India,"1,630",Asia,,2020-12-17,2027-12-16
2875,30 kW Grid-connected PV park Slaveikovo,Betia Trust,Energy industries (renewable/non-renewable sources),,VM0025,Inactive,Bulgaria,8,Europe,,2022-02-01,2032-01-31
2681,Jiaozuo Zhouliu MSW Landfill site LFG Recovery to Power Project,"Henan BCCY Environmental Energy CO.,LTD.",Energy industries (renewable/non-renewable sources); Waste handling and disposal,,AMS-I.D.; AMS-III.G.,Rejected by Administrator,China,"31,755",Asia,,,
2682,Luoyang Landfill Site LFG Recovery to Electricity Project,"Henan BCCY Environmental Energy CO.,LTD.",Energy industries (renewable/non-renewable sources); Waste handling and disposal,,ACM0001,Rejected by Administrator,China,"114,743",Asia,,,
2683,Luohe MSW Landfill Site LFG Recovery to Power Project,"Henan BCCY Environmental Energy CO.,LTD.",Energy industries (renewable/non-renewable sources); Waste handling and disposal,,AMS-I.D.; AMS-III.G.,Rejected by Administrator,China,"44,223",Asia,,,
2585,Solid Waste to Bio CNG Production Facility in India,EKI Energy Services Limited,Energy industries (renewable/non-renewable sources); Waste handling and disposal,,AMS-III.AO.; ACM0022,Rejected by Administrator,India,"56,700",Asia,,2019-10-15,2026-10-14
2467,Bayburt Landfill Gas to Energy Project,BK Alternatif Enerji Anonim Sirketi,Energy industries (renewable/non-renewable sources); Waste handling and disposal,,AMS-III.G.,Inactive,Turkey,"15,153",Europe,,2020-01-10,2027-01-09
2466,"BUNDLED WIND POWER PROJECT IN TAMILNADU, INDIA CO-ORDINATED BY THE TAMILNADU SPINNING MILLS ASSOCIATION (TASMA.)",TAMILNADU SPINNING MILLS ASSOCIATION (TASMA),Energy industries (renewable/non-renewable sources),,ACM0002,Rejected by Administrator,India,"801,520",Asia,,,
2380,Installation of high efficiency wood burning cookstoves in Rwanda,C-Quest Capital Stoves Asia Limited,Energy industries (renewable/non-renewable sources),,VMR0006,Withdrawn,Rwanda,"3,149,415",Africa,2023-05-11,2021-10-09,2031-10-08
2323,7 MW Bundled Hydro power project at Himachal Pradesh of Raajratna Energy Holdings Pvt. Ltd,M/s Raajratna Energy Holdings Pvt Ltd.,Energy industries (renewable/non-renewable sources),,AMS-I.D.,Withdrawn,India,"19,693",Asia,2021-05-21,,
284,"Wengyuan 20MW Hydro Power Project in Guizhou Province, China",Zhenning Yuefeng Hydro Power  Development Co. Ltd.,Energy industries (renewable/non-renewable sources),,ACM0002,Withdrawn,China,"43,650",,,,
419,Burcbendi 27.33 MW Hydroelectric Power Plant,Akenerji Elektrik Uretim A.S,Energy industries (renewable/non-renewable sources),,ACM0002,Withdrawn,Turkey,"69,281",,2020-04-06,,
533,Feke I 29.4 MW Hydroelectric Power Plant,Akenerji Elektrik Uretim A.S,Energy industries (renewable/non-renewable sources),,ACM0002,Withdrawn,Turkey,"63,999",,2020-04-06,,
785,Bangkok Kamphaeng Saen West: Landfill Gas to Electricity Project,"Zenith Green Energy Co., Ltd",Energy industries (renewable/non-renewable sources); Waste handling and disposal,,ACM0001,Withdrawn,Thailand,"246,602",Asia,,,
924,Tuppadahalli Wind Energy Project,Tuppadahalli Energy India Pvt. Ltd.,Energy industries (renewable/non-renewable sources),,ACM0002,Withdrawn,India,"128,809",Asia,2020-04-06,,
1057,Guangxi Qiaogong Hydropower Project,"Guangxi Fangyuan Electric Power Co., Ltd.",Energy industries (renewable/non-renewable sources),,ACM0001; ACM0002,Withdrawn,China,"1,200,000",Asia,,,
1177,Jilin Da'an Dagangzi Wind Power Project Phase V,"Daan CGN Wind Power Co., Ltd",Energy industries (renewable/non-renewable sources),,ACM0002,Withdrawn,China,"81,329",Asia,,2019-04-01,2026-03-31
1178,Jilin Da' an Dagangzi Wind Power Project Phase IV,"Jilin CGN Wind Power Co., Ltd",Energy industries (renewable/non-renewable sources),,ACM0002,Withdrawn,China,"97,377",Asia,,,
1179,Gansu Tianrun Liuyuan 1st Stage 49.5MW Wind Park Project,"Guazhou Tianrun Windpower Co., Ltd.",Energy industries (renewable/non-renewable sources),,ACM0002,Withdrawn,China,"108,758",Asia,,,
1090,Solar PV power project by Roha Dyechem Pvt.  Ltd. (EKIESL.CDM.Aug-11-02),Roha Dyechem Private Limited,Energy industries (renewable/non-renewable sources),,ACM0002,Withdrawn,India,"36,367",Asia,2020-06-04,2022-03-04,2032-03-03
2240,N/A,Southern Power Company,Energy industries (renewable/non-renewable sources),,ACM0002,Withdrawn,United States,0,,,,
2239,Akbas Hydroelectric Power Plant -DUPLICATE,Multiple Proponents,Energy industries (renewable/non-renewable sources),,AMS-I.D.,Withdrawn,Turkey,"24,574",,,,
2238,Duzce Aksu Hydro Electricity Power Plant - DUPLICATE (replaced by VCSR1815),Multiple Proponents,Energy industries (renewable/non-renewable sources),,ACM0002,Withdrawn,Turkey,"75,382",,,,
2062,West Huaybong 2 wind farm project,K.R. Two Company Limited,Energy industries (renewable/non-renewable sources),,ACM0002,Withdrawn,Thailand,"131,141",,,,
2048,Kunming Shilin Grid-connected Solar Power Generation Project,"Huaneng Shilin Photovolt Energy Development Co.,Ltd.",Energy industries (renewable/non-renewable sources),,ACM0002,Withdrawn,China,"105,093",,,,
2049,Huaneng Daqing Aobao Wind Farm Project,"Daqing Lvyuan Wind Power Co., Ltd.",Energy industries (renewable/non-renewable sources),,ACM0002,Rejected by Administrator,China,"116,600",Asia,,2019-07-23,2026-07-22
2050,Huaneng Gansu Guazhou Ganhekou No.2 Wind Farm Project,"Huaneng Power International, Inc.",Energy industries (renewable/non-renewable sources),,ACM0002,Withdrawn,China,"408,376",,,,
2051,1944 MW SUDAIR SOLAR PROJECT,South Pole Carbon Asset Management Ltd,Energy industries (renewable/non-renewable sources),,ACM0002,Rejected by Administrator,Saudi Arabia,"3,374,490",Middle East,,2022-01-01,2031-12-31
2055,Shaoguan City Shaoneng Biomass Power Generation Project,"Guangdong Shaoneng Group Co.,Ltd.",Energy industries (renewable/non-renewable sources),,ACM0018,Rejected by Administrator,China,"190,158",Asia,2020-07-31,,
2045,Huaneng Tuokexun Baiyanghe First Stage 49.5MW wind farm project,Huaneng Tulufan Wind Power Generation Company Ltd,Energy industries (renewable/non-renewable sources),,ACM0002,Withdrawn,China,"98,699",,,,
2031,ReNew Power bundled Wind Project,ReNew Power Limited,Energy industries (renewable/non-renewable sources),,ACM0002,Rejected by Administrator,India,"984,764",Asia,,2018-08-21,2028-08-20
2032,300 MW Solar Project by Avaada in Gujarat (India),Avaada Sunrise Energy Private Limited,Energy industries (renewable/non-renewable sources),,ACM0002,Rejected by Administrator,India,"512,196",Asia,,2020-10-19,2030-10-18
2034,IBRI II Solar Independent Power Project,Shams Ad-Dhahira Generating Company SAOC,Energy industries (renewable/non-renewable sources),,ACM0002,Rejected by Administrator,Oman,"1,125,184",Middle East,,2021-06-01,2031-05-31
2035,Solar Power Project by Renew Solar Power Private Limited,ReNew Solar Power Private Limited,Energy industries (renewable/non-renewable sources),,ACM0002,Withdrawn,India,"758,268",,,,
2022,Huaneng Daqing Wukeshu Wind Farm Project,"Daqing Lvyuan Wind Power Co., Ltd.",Energy industries (renewable/non-renewable sources),,ACM0002,Withdrawn,China,"115,536",,,,
2025,Huaneng Tuokexun Baiyanghe Third Stage 49.5MW Wind Farm Project,Huaneng Tulufan Wind Power Generation Company Ltd,Energy industries (renewable/non-renewable sources),,ACM0002,Withdrawn,China,"94,121",,,,
2028,100 MW Solar Project by Avaada in UP (India),Avaada Non-Conventional UPProject Private Limited,Energy industries (renewable/non-renewable sources),,ACM0002,Withdrawn,India,"185,303",,,,
2029,Huaneng Daqing Heping Wind Farm Project,"Daqing Lvyuan Wind Power Co., Ltd.",Energy industries (renewable/non-renewable sources),,ACM0002,Withdrawn,China,"115,860",,,,
2030,Huaneng Daqing Xinli Wind Farm Project,"Daqing Lvyuan Wind Power Co., Ltd.",Energy industries (renewable/non-renewable sources),,ACM0002,Withdrawn,China,"115,397",,,,
2009,Renewable Energy Generation at Hamira,Enen Green Services Private Limited,Energy industries (renewable/non-renewable sources),,AMS-I.C.,Rejected by Administrator,India,"116,832",Asia,,,
2011,Huaneng Liaoning Fuxin Phase II Wind Farm Project,"Huaneng New Energy Industrial Co., Ltd",Energy industries (renewable/non-renewable sources),,ACM0002,Withdrawn,China,"659,993",,,,
2012,Liaoning Fuxin Gaoshanzi 100.5MW Wind Power Project,"Huaneng New Energy Industrial Co., Ltd",Energy industries (renewable/non-renewable sources),,ACM0002,Withdrawn,China,"220,542",,,,
2013,Jilin Tongyu Huaneng 100.5MW Wind Power Project,"Huaneng New Energy Industrial Co., Ltd",Energy industries (renewable/non-renewable sources),,ACM0002,Withdrawn,China,"253,287",,,,
2015,Renewable Solar Photovoltaic Project by ACME Group,ACME Cleantech Solutions Private Limited,Energy industries (renewable/non-renewable sources),,ACM0002,Withdrawn,India,"3,906,661",,,,
2006,West Huaybong 3 wind farm project,First Korat Wind Company Limited,Energy industries (renewable/non-renewable sources),,ACM0002,Rejected by Administrator,Thailand,"139,035",Asia,,,
1984,"40 MW Bundled Solar Project in Telangana, India",Multiple Proponents,Energy industries (renewable/non-renewable sources),,ACM0002,Withdrawn,India,"79,241",,,,
1977,Oualidia 1&2 Wind Projects,AERA Group,Energy industries (renewable/non-renewable sources),,ACM0002,Inactive,Morocco,"44,294",,,2020-04-06,2030-04-05
1978,"Malleco, Lomas de Duqueco and Negrete Wind Project, Chile",Multiple Proponents,Energy industries (renewable/non-renewable sources),,ACM0002,Rejected by Administrator,Chile,"699,147",Latin America,,2021-01-01,2030-12-31
1973,Huaneng Tongyu Tuanjie Phase E Wind Farm Project,"Huaneng Jilin Power Co., Ltd.",Energy industries (renewable/non-renewable sources),,ACM0002,Rejected by Administrator,China,"103,905",Asia,,2020-07-01,2027-06-30
1966,Huaneng Gansu Huajialing 49.5MW Wind Power Project,"Huaneng Huajialing Wind Power Co., Ltd.",Energy industries (renewable/non-renewable sources),,ACM0002,Withdrawn,China,"91,046",,,,
1951,HUANENG CHANGTU TAIPING WIND FARM PROJECT,"Huaneng Changtu Wind Power Co., Ltd.",Energy industries (renewable/non-renewable sources),,ACM0002,Withdrawn,China,"102,738",,,,
1952,Huaneng Tongyu Tuanjie Phase A Wind Farm Project,"Huaneng Jilin Power Generation Co., Ltd.",Energy industries (renewable/non-renewable sources),,ACM0002,Withdrawn,China,"96,208",,,,
1948,"Badamsha Wind Farm in Kazakhstan- DUPLICATE, see ID 1954",Eni S.p.A. Energy Solutions Initiatives Monitoring and Reporting,Energy industries (renewable/non-renewable sources),,ACM0002,Inactive,Kazakhstan,"172,406",,,2019-12-31,2029-12-30
1942,Renewable Solar Power Project by Hero Future Energies,Hero Future Energies Private Limited,Energy industries (renewable/non-renewable sources),,ACM0002,Withdrawn,India,"601,957",,,,
1922,Amasya Solar Power Project,Neptun Enerji A.S.,Energy industries (renewable/non-renewable sources),,AMS-I.D.,Withdrawn,Turkey,"9,356",,,2017-08-23,2027-08-22
1924,Tokat Solar Power Project,Bahceli Enerji A.S.,Energy industries (renewable/non-renewable sources),,AMS-I.D.,Withdrawn,Turkey,"4,765",Asia,,2017-10-19,2027-10-18
1874,Zhangjiakou Chabei Wind Farm Project,Credits transferred from approved GHG program,Energy industries (renewable/non-renewable sources),,ACM0002,Withdrawn,China,"203,090",,,,
1843,100 MW SOLAR BY GIRIRAJ RENEWABLES PVT. LTD.- SATARA.,Giriraj Renewables Private Limited,Energy industries (renewable/non-renewable sources),,ACM0002,Withdrawn,India,"135,329",Asia,,2018-04-16,2028-04-15
1845,30 MW SOLAR BY AVAADA SUSTAINABLE ENERGY PVT LTD – HANAGAL.,Avaada Sustainable Energy Pvt. Ltd.,Energy industries (renewable/non-renewable sources),,ACM0002,Withdrawn,India,"43,825",,,,
1846,30 MW SOLAR BY SOLARSYS NON CONVENTIONAL ENERGY PVT. LTD. - BANAVIKAL.,Solarsys Non conventional Energy Pvt. Ltd.,Energy industries (renewable/non-renewable sources),,ACM0002,Withdrawn,India,"43,825",,,,
1834,60 MW Solar by Solarsys Non Conventional Energy Pvt. Ltd. - Ilkal.,WeAct Pty Ltd,Energy industries (renewable/non-renewable sources),,ACM0002,Withdrawn,India,"87,651",Asia,,2018-03-31,2028-03-30
1819,"19.2 MWp Solar Power Project by HZL at Debari and Dariba, Rajasthan",Hindustan Zinc Limited,Energy industries (renewable/non-renewable sources),,ACM0002,Withdrawn,India,"23,859",Asia,2019-10-17,2017-03-25,2027-03-24
1814,"Wind Power Project in Gujarat, India",Vish Wind Infrastructure LLP,Energy industries (renewable/non-renewable sources),,ACM0002,Rejected by Administrator,India,"57,170",Asia,,,
345,Wind power project by HZL in Karnataka.,Hindustan Zinc Limited,Energy industries (renewable/non-renewable sources),,ACM0002,Withdrawn,India,"65,036",Asia,2010-03-09,,
344,Wind power project by HZL in Gujarat.,Hindustan Zinc Limited,Energy industries (renewable/non-renewable sources),,ACM0002,Withdrawn,India,"158,127",Asia,2020-04-06,,
1781,MRMPL Wind Power Project,Modern Road Makers Pvt Ltd.,Energy industries (renewable/non-renewable sources),,ACM0002,Withdrawn,India,"32,788",Asia,2018-02-08,,
1778,Lahendong Unit 5 & Unit 6 Geothermal Project,Multiple Proponents,Energy industries (renewable/non-renewable sources),,ACM0002,Withdrawn,Indonesia,"181,030",Asia,2018-07-17,2016-09-15,2026-09-14
1692,15 MW Wind Power Project by RSPL Ltd (EKIESL-CDM-May-16-04),RSPL Limited,Energy industries (renewable/non-renewable sources),,AMS-I.D.,Withdrawn,India,"29,758",Asia,2017-08-04,,
1678,Grid Connected Wind Energy Generation at Andhra Pradesh.,Credits transferred from approved GHG program,Energy industries (renewable/non-renewable sources),,ACM0002,Rejected by Administrator,India,"18,161",Asia,,,
1173,San Andres Hydroelectric project,Celsia Colombia S.A. E.S.P.,Energy industries (renewable/non-renewable sources),,ACM0002,Withdrawn,Colombia,"47,317",Latin America,2020-04-06,,
933,6.25 MW wind power project by VELATAL SPINNING MILLS PVT LTD,VELATAL SPINNING MILLS PRIVATE LIMITED,Energy industries (renewable/non-renewable sources),,AMS-I.D.,Inactive,India,"12,476",Asia,2012-12-05,,
1134,52.50 MW Wind energy farm at Mokla Rajasthan by HZL,Hindustan Zinc Limited,Energy industries (renewable/non-renewable sources),,ACM0002,Withdrawn,India,"85,863",Asia,2020-06-04,,
1135,27.3 MW Wind energy farm at Mokla Rajasthan by HZL,Hindustan Zinc Limited,Energy industries (renewable/non-renewable sources),,ACM0002,Withdrawn,India,"44,627",Asia,2020-06-04,,
1136,25.5 MW Wind Energy Farm at Nandurbar Maharashtra by HZL,Hindustan Zinc Limited,Energy industries (renewable/non-renewable sources),,ACM0002,Withdrawn,India,"42,912",Asia,2020-06-04,,
1137,"21 MW Wind energy farm at Palladam, TamilNadu by HZL",Hindustan Zinc Limited,Energy industries (renewable/non-renewable sources),,ACM0002,Withdrawn,India,"42,131",Asia,2020-06-04,,
1138,9 MW Wind Energy Farm at Jodhpur Rajasthan by HZL,Hindustan Zinc Limited,Energy industries (renewable/non-renewable sources),,AMS-I.D.,Withdrawn,India,"14,846",Asia,2020-06-04,,
1139,"15 MW Wind energy farm at Gopalpura, Karnataka by HZL",Hindustan Zinc Limited,Energy industries (renewable/non-renewable sources),,AMS-I.D.,Withdrawn,India,"31,875",Asia,2020-04-06,,
1536,Grid Connected Solar Power Project at Rajasthan by Roha Dychem Private Limited,Roha Dyechem Private Limited,Energy industries (renewable/non-renewable sources),,ACM0002,Rejected by Administrator,India,"41,082",Asia,,,
174,Shilong Small-Scale Hydro Power Project,"GUONENG SPDDR NEWENERGY&INVESTMENT CO.,LTD",Energy industries (renewable/non-renewable sources),,AMS-I.D.,Inactive,China,"43,824",Asia,2015-10-06,,
175,Siliping Small-Scale Hydro Power Project,"GUONENG SPDDR NEWENERGY&INVESTMENT CO.,LTD",Energy industries (renewable/non-renewable sources),,AMS-I.D.,Inactive,China,"17,144",Asia,2015-10-06,,
783,Bangkok Kamphaeng Saen East: Landfill Gas to Electricity Project,"Bangkok Green Power Co., Ltd.",Energy industries (renewable/non-renewable sources); Waste handling and disposal,,ACM0001,Withdrawn,Thailand,"273,086",Asia,,,
1062,FOUM EL OUED WIND FARM PROJECT,Energie Eolienne du Maroc,Energy industries (renewable/non-renewable sources),,ACM0002,Withdrawn,Morocco,"141,991",Africa,,,
1460,Artvin Hydroelectric Power Plant,DOGUS ENERJI URETIM VE TICARET A.S.,Energy industries (renewable/non-renewable sources),,ACM0002,Rejected by Administrator,Turkey,"520,370",,,,
2166,Chongqing Youyang County Youchou Hydropower Station Project,Multiple Proponents,Energy industries (renewable/non-renewable sources),,ACM0002,Withdrawn,China,"334,000",,,,
2162,"2 x 3.5 MW Ullunkal Hydro Power Project in Kerala, India",Multiple Proponents,Energy industries (renewable/non-renewable sources),,AMS-I.D.,Withdrawn,India,"16,125",,,,
2157,BAESA Project `,MER,Energy industries (renewable/non-renewable sources),,ACM0002,Withdrawn,Brazil,"318,793",,2012-03-06,,
2136,cancelled duplicate of VCSR218,MER,Energy industries (renewable/non-renewable sources),,ACM0002,Withdrawn,China,"115,912",,2013-09-25,,
